--------------------------------------------------------
--  File created - Monday-December-20-2021   
--------------------------------------------------------
--------------------------------------------------------
--  DDL for Table UNLISTED_COMPANIES_SUBSCRIPTION
--------------------------------------------------------

  CREATE TABLE "ROOT"."UNLISTED_COMPANIES_SUBSCRIPTION" 
   (	"SUBSCRIPTION_ID" NUMBER(10,0) GENERATED BY DEFAULT ON NULL AS IDENTITY MINVALUE 0 MAXVALUE 9999999999999999999999999999 INCREMENT BY 1 START WITH 0 CACHE 20 NOORDER  NOCYCLE  NOKEEP  NOSCALE , 
	"AUTO_GENERATED_SYNONYMS" VARCHAR2(255 CHAR), 
	"CODE" VARCHAR2(255 CHAR), 
	"COMPANY_ID" NUMBER(10,0), 
	"COMPANY_NAME" VARCHAR2(255 CHAR), 
	"DATE_CREATED" DATE, 
	"EMAIL_CC" VARCHAR2(255 CHAR), 
	"EMAIL_TO" VARCHAR2(255 CHAR), 
	"ENTERPRISE_ID" NUMBER(10,0), 
	"GROUP_NAME" VARCHAR2(255 CHAR), 
	"SYNONYMS" VARCHAR2(255 CHAR)
   ) SEGMENT CREATION DEFERRED 
  PCTFREE 10 PCTUSED 40 INITRANS 1 MAXTRANS 255 
 NOCOMPRESS LOGGING
  TABLESPACE "USERS" ;
--------------------------------------------------------
--  DDL for Table UNLISTED_NEWS_COMPANIES
--------------------------------------------------------

  CREATE TABLE "ROOT"."UNLISTED_NEWS_COMPANIES" 
   (	"COMPANY_ID" NUMBER(10,0) GENERATED BY DEFAULT ON NULL AS IDENTITY MINVALUE 0 MAXVALUE 9999999999999999999999999999 INCREMENT BY 1 START WITH 0 CACHE 20 NOORDER  NOCYCLE  NOKEEP  NOSCALE , 
	"AUTO_GENERATED_SYNONYMS" VARCHAR2(255 CHAR), 
	"CODE" VARCHAR2(255 CHAR), 
	"COMPANY_NAME" VARCHAR2(255 CHAR), 
	"CREATED_BY" NUMBER(10,0), 
	"DATE_CREATED" DATE, 
	"EMAIL_CC" VARCHAR2(255 CHAR), 
	"EMAIL_TO" VARCHAR2(255 CHAR), 
	"ENTERPRISE_ID" NUMBER(10,0), 
	"GROUP_NAME" VARCHAR2(255 CHAR), 
	"PROMOTER_NAMES" VARCHAR2(255 CHAR), 
	"SYNONYMS" VARCHAR2(255 CHAR), 
	"USER_NAME" VARCHAR2(255 CHAR)
   ) SEGMENT CREATION IMMEDIATE 
  PCTFREE 10 PCTUSED 40 INITRANS 1 MAXTRANS 255 
 NOCOMPRESS LOGGING
  STORAGE(INITIAL 65536 NEXT 1048576 MINEXTENTS 1 MAXEXTENTS 2147483645
  PCTINCREASE 0 FREELISTS 1 FREELIST GROUPS 1
  BUFFER_POOL DEFAULT FLASH_CACHE DEFAULT CELL_FLASH_CACHE DEFAULT)
  TABLESPACE "USERS" ;
--------------------------------------------------------
--  DDL for Table UNLISTED_NEWS_EXCEPTIONS
--------------------------------------------------------

  CREATE TABLE "ROOT"."UNLISTED_NEWS_EXCEPTIONS" 
   (	"EXCEPTION_ID" NUMBER(10,0) GENERATED BY DEFAULT ON NULL AS IDENTITY MINVALUE 0 MAXVALUE 9999999999999999999999999999 INCREMENT BY 1 START WITH 0 CACHE 20 NOORDER  NOCYCLE  NOKEEP  NOSCALE , 
	"COMPANY_ID" NUMBER(10,0), 
	"COMPANY_NAME" VARCHAR2(255 CHAR), 
	"EXCEPTION_DATE_TIME" DATE, 
	"EXCEPTION_MESSAGE" VARCHAR2(1000 CHAR), 
	"SOURCE_ID" NUMBER(10,0), 
	"URL" VARCHAR2(1000 CHAR)
   ) SEGMENT CREATION IMMEDIATE 
  PCTFREE 10 PCTUSED 40 INITRANS 1 MAXTRANS 255 
 NOCOMPRESS LOGGING
  STORAGE(INITIAL 65536 NEXT 1048576 MINEXTENTS 1 MAXEXTENTS 2147483645
  PCTINCREASE 0 FREELISTS 1 FREELIST GROUPS 1
  BUFFER_POOL DEFAULT FLASH_CACHE DEFAULT CELL_FLASH_CACHE DEFAULT)
  TABLESPACE "USERS" ;
--------------------------------------------------------
--  DDL for Table UNLISTED_NEWS_SOURCE
--------------------------------------------------------

  CREATE TABLE "ROOT"."UNLISTED_NEWS_SOURCE" 
   (	"SOURCE_ID" NUMBER(10,0) GENERATED BY DEFAULT ON NULL AS IDENTITY MINVALUE 0 MAXVALUE 9999999999999999999999999999 INCREMENT BY 1 START WITH 0 CACHE 20 NOORDER  NOCYCLE  NOKEEP  NOSCALE , 
	"API_TYPE" VARCHAR2(255 CHAR), 
	"BODY_TAG" VARCHAR2(255 CHAR), 
	"DATE_FORMAT" VARCHAR2(255 CHAR), 
	"LIST_TAG" VARCHAR2(255 CHAR), 
	"NEWS_URL" VARCHAR2(255 CHAR), 
	"PUBLISH_DATE_TAG" VARCHAR2(255 CHAR), 
	"REMOVE_KEYWORDS" VARCHAR2(255 CHAR), 
	"SEARCH_URL" VARCHAR2(255 CHAR), 
	"SOURCE_NAME" VARCHAR2(255 CHAR), 
	"TITLE_TAG" VARCHAR2(255 CHAR), 
	"URL" VARCHAR2(255 CHAR)
   ) SEGMENT CREATION IMMEDIATE 
  PCTFREE 10 PCTUSED 40 INITRANS 1 MAXTRANS 255 
 NOCOMPRESS LOGGING
  STORAGE(INITIAL 65536 NEXT 1048576 MINEXTENTS 1 MAXEXTENTS 2147483645
  PCTINCREASE 0 FREELISTS 1 FREELIST GROUPS 1
  BUFFER_POOL DEFAULT FLASH_CACHE DEFAULT CELL_FLASH_CACHE DEFAULT)
  TABLESPACE "USERS" ;
--------------------------------------------------------
--  DDL for Table UNLISTED_NEWS_SOURCE_SCHEDULER_CONFIG
--------------------------------------------------------

  CREATE TABLE "ROOT"."UNLISTED_NEWS_SOURCE_SCHEDULER_CONFIG" 
   (	"SOURCE_ID" NUMBER(10,0) GENERATED BY DEFAULT ON NULL AS IDENTITY MINVALUE 0 MAXVALUE 9999999999999999999999999999 INCREMENT BY 1 START WITH 0 CACHE 20 NOORDER  NOCYCLE  NOKEEP  NOSCALE , 
	"SOURCE_NAME" VARCHAR2(255 CHAR), 
	"CRON_CONFIG" VARCHAR2(255 CHAR), 
	"NO_OF_YRS" NUMBER(10,0), 
	"CONFIG_TYPE" VARCHAR2(255 CHAR), 
	"CURRENT_DAY_HOUR" NUMBER(10,0), 
	"PREVIOUS_DAY_HOUR" NUMBER(10,0), 
	"NO_OF_PAGES" NUMBER(10,0), 
	"SEARCH_URL" VARCHAR2(255 CHAR), 
	"SEARCH_LINK_TAGS" VARCHAR2(255 CHAR), 
	"NEWS_LINK_TAGS" VARCHAR2(255 CHAR), 
	"HTTPS_PROTOCOL" VARCHAR2(255 CHAR), 
	"NEWS_PUBLISHED_DATE_TAG" VARCHAR2(255 CHAR), 
	"NEWS_HEADLINE_TAG" VARCHAR2(255 CHAR), 
	"NEWS_BODY_TAG" VARCHAR2(255 CHAR), 
	"NEWS_DATE_FORMAT" VARCHAR2(255 CHAR), 
	"CONVERSION_DATE_FORMAT" VARCHAR2(255 CHAR), 
	"GOOGLE_ENHANCED" NUMBER(3,0), 
	"PAGE_INITIAL_NO" NUMBER(10,0), 
	"PAGE_OFFSET_NO" NUMBER(10,0), 
	"NEWS_DATE_TAG_ATTR" VARCHAR2(255 CHAR)
   ) SEGMENT CREATION IMMEDIATE 
  PCTFREE 10 PCTUSED 40 INITRANS 1 MAXTRANS 255 
 NOCOMPRESS LOGGING
  STORAGE(INITIAL 65536 NEXT 1048576 MINEXTENTS 1 MAXEXTENTS 2147483645
  PCTINCREASE 0 FREELISTS 1 FREELIST GROUPS 1
  BUFFER_POOL DEFAULT FLASH_CACHE DEFAULT CELL_FLASH_CACHE DEFAULT)
  TABLESPACE "USERS" ;
REM INSERTING into ROOT.UNLISTED_COMPANIES_SUBSCRIPTION
SET DEFINE OFF;
REM INSERTING into ROOT.UNLISTED_NEWS_COMPANIES
SET DEFINE OFF;
Insert into ROOT.UNLISTED_NEWS_COMPANIES (COMPANY_ID,AUTO_GENERATED_SYNONYMS,CODE,COMPANY_NAME,CREATED_BY,DATE_CREATED,EMAIL_CC,EMAIL_TO,ENTERPRISE_ID,GROUP_NAME,PROMOTER_NAMES,SYNONYMS,USER_NAME) values (1,null,null,'Reliance Industries',null,to_date('17-11-21','DD-MM-RR'),null,null,null,'Reliance Group',null,' ',null);
REM INSERTING into ROOT.UNLISTED_NEWS_EXCEPTIONS
SET DEFINE OFF;
Insert into ROOT.UNLISTED_NEWS_EXCEPTIONS (EXCEPTION_ID,COMPANY_ID,COMPANY_NAME,EXCEPTION_DATE_TIME,EXCEPTION_MESSAGE,SOURCE_ID,URL) values (2,1,'Reliance Industries',to_date('18-12-21','DD-MM-RR'),'Read timed out',11,'https://www.google.com/search?q=reliance%20industries&num=10&start=0&tbm=nws&as_sitesearch=economictimes.indiatimes.com');
Insert into ROOT.UNLISTED_NEWS_EXCEPTIONS (EXCEPTION_ID,COMPANY_ID,COMPANY_NAME,EXCEPTION_DATE_TIME,EXCEPTION_MESSAGE,SOURCE_ID,URL) values (3,1,'Reliance Industries',to_date('18-12-21','DD-MM-RR'),'connect timed out',11,'https://www.google.com/search?q=reliance%20industries&num=10&start=0&tbm=nws&as_sitesearch=economictimes.indiatimes.com');
Insert into ROOT.UNLISTED_NEWS_EXCEPTIONS (EXCEPTION_ID,COMPANY_ID,COMPANY_NAME,EXCEPTION_DATE_TIME,EXCEPTION_MESSAGE,SOURCE_ID,URL) values (4,1,'Reliance Industries',to_date('18-12-21','DD-MM-RR'),'connect timed out',11,'https://www.google.com/search?q=reliance%20industries&num=10&start=0&tbm=nws&as_sitesearch=economictimes.indiatimes.com');
Insert into ROOT.UNLISTED_NEWS_EXCEPTIONS (EXCEPTION_ID,COMPANY_ID,COMPANY_NAME,EXCEPTION_DATE_TIME,EXCEPTION_MESSAGE,SOURCE_ID,URL) values (5,1,'Reliance Industries',to_date('18-12-21','DD-MM-RR'),'economictimes.indiatimes.com',11,'https://economictimes.indiatimes.com/markets/stocks/recos/buy-reliance-industries-target-price-rs-2480-kotak-securities/articleshow/88331684.cms');
Insert into ROOT.UNLISTED_NEWS_EXCEPTIONS (EXCEPTION_ID,COMPANY_ID,COMPANY_NAME,EXCEPTION_DATE_TIME,EXCEPTION_MESSAGE,SOURCE_ID,URL) values (6,1,'Reliance Industries',to_date('18-12-21','DD-MM-RR'),'economictimes.indiatimes.com',11,'https://economictimes.indiatimes.com/markets/stocks/news/to-make-reliance-shares-outperform-mukesh-ambani-will-have-to-check-one-of-these-3-boxes/articleshow/88290346.cms');
Insert into ROOT.UNLISTED_NEWS_EXCEPTIONS (EXCEPTION_ID,COMPANY_ID,COMPANY_NAME,EXCEPTION_DATE_TIME,EXCEPTION_MESSAGE,SOURCE_ID,URL) values (7,1,'Reliance Industries',to_date('18-12-21','DD-MM-RR'),'economictimes.indiatimes.com',11,'https://economictimes.indiatimes.com/markets/stocks/recos/buy-reliance-industries-target-price-rs-2745-icici-direct/articleshow/88248707.cms');
Insert into ROOT.UNLISTED_NEWS_EXCEPTIONS (EXCEPTION_ID,COMPANY_ID,COMPANY_NAME,EXCEPTION_DATE_TIME,EXCEPTION_MESSAGE,SOURCE_ID,URL) values (8,1,'Reliance Industries',to_date('18-12-21','DD-MM-RR'),'economictimes.indiatimes.com',11,'https://economictimes.indiatimes.com/markets/stocks/recos/buy-reliance-industries-target-price-rs-2925-icici-direct/articleshow/88026774.cms');
Insert into ROOT.UNLISTED_NEWS_EXCEPTIONS (EXCEPTION_ID,COMPANY_ID,COMPANY_NAME,EXCEPTION_DATE_TIME,EXCEPTION_MESSAGE,SOURCE_ID,URL) values (9,1,'Reliance Industries',to_date('18-12-21','DD-MM-RR'),'economictimes.indiatimes.com',11,'https://economictimes.indiatimes.com/industry/indl-goods/svs/chem-/-fertilisers/abu-dhabi-chemical-company-reliance-industries-form-2-bn-production-jv/articleshow/88145377.cms');
Insert into ROOT.UNLISTED_NEWS_EXCEPTIONS (EXCEPTION_ID,COMPANY_ID,COMPANY_NAME,EXCEPTION_DATE_TIME,EXCEPTION_MESSAGE,SOURCE_ID,URL) values (10,1,'Reliance Industries',to_date('18-12-21','DD-MM-RR'),'economictimes.indiatimes.com',11,'https://economictimes.indiatimes.com/news/company/corporate-trends/reliance-industries-weighs-bid-for-uks-telco-bt-group/articleshow/87970538.cms');
Insert into ROOT.UNLISTED_NEWS_EXCEPTIONS (EXCEPTION_ID,COMPANY_ID,COMPANY_NAME,EXCEPTION_DATE_TIME,EXCEPTION_MESSAGE,SOURCE_ID,URL) values (11,1,'Reliance Industries',to_date('18-12-21','DD-MM-RR'),'economictimes.indiatimes.com',11,'https://economictimes.indiatimes.com/markets/stocks/news/ril-raises-stake-in-hfcl-to-5-via-qip/articleshow/88196644.cms');
Insert into ROOT.UNLISTED_NEWS_EXCEPTIONS (EXCEPTION_ID,COMPANY_ID,COMPANY_NAME,EXCEPTION_DATE_TIME,EXCEPTION_MESSAGE,SOURCE_ID,URL) values (12,1,'Reliance Industries',to_date('18-12-21','DD-MM-RR'),'economictimes.indiatimes.com',11,'https://economictimes.indiatimes.com/industry/services/retail/indian-salesmen-threaten-supply-disruptions-in-protest-against-reliance/articleshow/88101799.cms');
Insert into ROOT.UNLISTED_NEWS_EXCEPTIONS (EXCEPTION_ID,COMPANY_ID,COMPANY_NAME,EXCEPTION_DATE_TIME,EXCEPTION_MESSAGE,SOURCE_ID,URL) values (13,1,'Reliance Industries',to_date('18-12-21','DD-MM-RR'),'economictimes.indiatimes.com',11,'https://economictimes.indiatimes.com/markets/stocks/news/is-dalal-street-undervaluing-reliance-retail/articleshow/88250625.cms');
Insert into ROOT.UNLISTED_NEWS_EXCEPTIONS (EXCEPTION_ID,COMPANY_ID,COMPANY_NAME,EXCEPTION_DATE_TIME,EXCEPTION_MESSAGE,SOURCE_ID,URL) values (14,1,'Reliance Industries',to_date('18-12-21','DD-MM-RR'),'economictimes.indiatimes.com',11,'https://economictimes.indiatimes.com/markets/expert-view/what-will-be-the-triggers-for-reliance-stock-for-next-6-months-probal-sen-answers/articleshow/87843536.cms');
Insert into ROOT.UNLISTED_NEWS_EXCEPTIONS (EXCEPTION_ID,COMPANY_ID,COMPANY_NAME,EXCEPTION_DATE_TIME,EXCEPTION_MESSAGE,SOURCE_ID,URL) values (31,1,'Reliance Industries',to_date('19-12-21','DD-MM-RR'),'Unhandled content type. Must be text/*, application/xml, or application/xhtml+xml',6,'https://middleeast-business.com/wp-content/uploads/2013/12/mreo1113-1.pdf');
Insert into ROOT.UNLISTED_NEWS_EXCEPTIONS (EXCEPTION_ID,COMPANY_ID,COMPANY_NAME,EXCEPTION_DATE_TIME,EXCEPTION_MESSAGE,SOURCE_ID,URL) values (32,1,'Reliance Industries',to_date('19-12-21','DD-MM-RR'),'Malformed URL: ?ei=M8K-YZqsBaOWxc8P7bWG8As&q=middleeast-business:reliance+group+site:middleeast-business.com&tbm=isch',6,'?ei=M8K-YZqsBaOWxc8P7bWG8As&q=middleeast-business:reliance+group+site:middleeast-business.com&tbm=isch');
Insert into ROOT.UNLISTED_NEWS_EXCEPTIONS (EXCEPTION_ID,COMPANY_ID,COMPANY_NAME,EXCEPTION_DATE_TIME,EXCEPTION_MESSAGE,SOURCE_ID,URL) values (33,1,'Reliance Industries',to_date('19-12-21','DD-MM-RR'),'Malformed URL: ?ei=M8K-YZqsBaOWxc8P7bWG8As&q=middleeast-business:reliance+group+site:middleeast-business.com&tbm=isch',6,'?ei=M8K-YZqsBaOWxc8P7bWG8As&q=middleeast-business:reliance+group+site:middleeast-business.com&tbm=isch');
Insert into ROOT.UNLISTED_NEWS_EXCEPTIONS (EXCEPTION_ID,COMPANY_ID,COMPANY_NAME,EXCEPTION_DATE_TIME,EXCEPTION_MESSAGE,SOURCE_ID,URL) values (34,1,'Reliance Industries',to_date('19-12-21','DD-MM-RR'),'Unhandled content type. Must be text/*, application/xml, or application/xhtml+xml',6,'https://middleeast-business.com/wp-content/uploads/2015/08/SME-PI-English.pdf');
Insert into ROOT.UNLISTED_NEWS_EXCEPTIONS (EXCEPTION_ID,COMPANY_ID,COMPANY_NAME,EXCEPTION_DATE_TIME,EXCEPTION_MESSAGE,SOURCE_ID,URL) values (35,1,'Reliance Industries',to_date('19-12-21','DD-MM-RR'),'Unhandled content type. Must be text/*, application/xml, or application/xhtml+xml',6,'https://middleeast-business.com/wp-content/uploads/2013/12/mreo1113-1.pdf');
Insert into ROOT.UNLISTED_NEWS_EXCEPTIONS (EXCEPTION_ID,COMPANY_ID,COMPANY_NAME,EXCEPTION_DATE_TIME,EXCEPTION_MESSAGE,SOURCE_ID,URL) values (39,1,'Reliance Industries',to_date('19-12-21','DD-MM-RR'),'Malformed URL: ?ei=N8K-YYa2GfOFxc8PouO8wAY&q=middleeast-business:reliance+industries+site:middleeast-business.com&tbm=isch',6,'?ei=N8K-YYa2GfOFxc8PouO8wAY&q=middleeast-business:reliance+industries+site:middleeast-business.com&tbm=isch');
Insert into ROOT.UNLISTED_NEWS_EXCEPTIONS (EXCEPTION_ID,COMPANY_ID,COMPANY_NAME,EXCEPTION_DATE_TIME,EXCEPTION_MESSAGE,SOURCE_ID,URL) values (40,1,'Reliance Industries',to_date('19-12-21','DD-MM-RR'),'Malformed URL: ?ei=N8K-YYa2GfOFxc8PouO8wAY&q=middleeast-business:reliance+industries+site:middleeast-business.com&tbm=isch',6,'?ei=N8K-YYa2GfOFxc8PouO8wAY&q=middleeast-business:reliance+industries+site:middleeast-business.com&tbm=isch');
Insert into ROOT.UNLISTED_NEWS_EXCEPTIONS (EXCEPTION_ID,COMPANY_ID,COMPANY_NAME,EXCEPTION_DATE_TIME,EXCEPTION_MESSAGE,SOURCE_ID,URL) values (53,1,'Reliance Industries',to_date('19-12-21','DD-MM-RR'),'Unhandled content type. Must be text/*, application/xml, or application/xhtml+xml',6,'https://middleeast-business.com/wp-content/uploads/2015/08/SME-PI-English.pdf');
Insert into ROOT.UNLISTED_NEWS_EXCEPTIONS (EXCEPTION_ID,COMPANY_ID,COMPANY_NAME,EXCEPTION_DATE_TIME,EXCEPTION_MESSAGE,SOURCE_ID,URL) values (18,1,'Reliance Industries',to_date('18-12-21','DD-MM-RR'),'Unparseable date: ""',10,'https://gadgets.ndtv.com/internet/news/amazon-future-group-deal-suspended-cci-fine-rs-200-crore-e-commerce-2657928');
Insert into ROOT.UNLISTED_NEWS_EXCEPTIONS (EXCEPTION_ID,COMPANY_ID,COMPANY_NAME,EXCEPTION_DATE_TIME,EXCEPTION_MESSAGE,SOURCE_ID,URL) values (25,1,'Reliance Industries',to_date('18-12-21','DD-MM-RR'),'Read timed out',11,'https://www.google.com/search?q=reliance%20industries&num=10&start=0&tbm=nws&as_sitesearch=economictimes.indiatimes.com');
Insert into ROOT.UNLISTED_NEWS_EXCEPTIONS (EXCEPTION_ID,COMPANY_ID,COMPANY_NAME,EXCEPTION_DATE_TIME,EXCEPTION_MESSAGE,SOURCE_ID,URL) values (26,1,'Reliance Industries',to_date('18-12-21','DD-MM-RR'),'Read timed out',11,'https://www.google.com/search?q=reliance%20industries&num=10&start=0&tbm=nws&as_sitesearch=economictimes.indiatimes.com');
Insert into ROOT.UNLISTED_NEWS_EXCEPTIONS (EXCEPTION_ID,COMPANY_ID,COMPANY_NAME,EXCEPTION_DATE_TIME,EXCEPTION_MESSAGE,SOURCE_ID,URL) values (27,1,'Reliance Industries',to_date('18-12-21','DD-MM-RR'),'Read timed out',11,'https://www.google.com/search?q=reliance%20industries&num=10&start=0&tbm=nws&as_sitesearch=economictimes.indiatimes.com');
REM INSERTING into ROOT.UNLISTED_NEWS_SOURCE
SET DEFINE OFF;
Insert into ROOT.UNLISTED_NEWS_SOURCE (SOURCE_ID,API_TYPE,BODY_TAG,DATE_FORMAT,LIST_TAG,NEWS_URL,PUBLISH_DATE_TAG,REMOVE_KEYWORDS,SEARCH_URL,SOURCE_NAME,TITLE_TAG,URL) values (1,'archive',null,null,null,null,null,null,null,'indianexpress',null,'http://archive.indianexpress.com');
Insert into ROOT.UNLISTED_NEWS_SOURCE (SOURCE_ID,API_TYPE,BODY_TAG,DATE_FORMAT,LIST_TAG,NEWS_URL,PUBLISH_DATE_TAG,REMOVE_KEYWORDS,SEARCH_URL,SOURCE_NAME,TITLE_TAG,URL) values (2,'url',null,null,null,null,null,null,null,'livemint',null,'https://www.livemint.com');
Insert into ROOT.UNLISTED_NEWS_SOURCE (SOURCE_ID,API_TYPE,BODY_TAG,DATE_FORMAT,LIST_TAG,NEWS_URL,PUBLISH_DATE_TAG,REMOVE_KEYWORDS,SEARCH_URL,SOURCE_NAME,TITLE_TAG,URL) values (3,'url',null,null,null,null,null,null,null,'gulfnews',null,'https://gulfnews.com');
Insert into ROOT.UNLISTED_NEWS_SOURCE (SOURCE_ID,API_TYPE,BODY_TAG,DATE_FORMAT,LIST_TAG,NEWS_URL,PUBLISH_DATE_TAG,REMOVE_KEYWORDS,SEARCH_URL,SOURCE_NAME,TITLE_TAG,URL) values (4,'url',null,null,null,null,null,null,null,'reuters',null,'https://www.reuters.com');
Insert into ROOT.UNLISTED_NEWS_SOURCE (SOURCE_ID,API_TYPE,BODY_TAG,DATE_FORMAT,LIST_TAG,NEWS_URL,PUBLISH_DATE_TAG,REMOVE_KEYWORDS,SEARCH_URL,SOURCE_NAME,TITLE_TAG,URL) values (5,'url',null,null,null,null,null,null,null,'thewire',null,'https://thewire.in');
Insert into ROOT.UNLISTED_NEWS_SOURCE (SOURCE_ID,API_TYPE,BODY_TAG,DATE_FORMAT,LIST_TAG,NEWS_URL,PUBLISH_DATE_TAG,REMOVE_KEYWORDS,SEARCH_URL,SOURCE_NAME,TITLE_TAG,URL) values (6,'url',null,null,null,null,null,null,null,'middleeast-business',null,'https://middleeast-business.com');
Insert into ROOT.UNLISTED_NEWS_SOURCE (SOURCE_ID,API_TYPE,BODY_TAG,DATE_FORMAT,LIST_TAG,NEWS_URL,PUBLISH_DATE_TAG,REMOVE_KEYWORDS,SEARCH_URL,SOURCE_NAME,TITLE_TAG,URL) values (7,'url',null,null,null,null,null,null,null,'bloombergquint',null,'https://www.bloombergquint.com');
Insert into ROOT.UNLISTED_NEWS_SOURCE (SOURCE_ID,API_TYPE,BODY_TAG,DATE_FORMAT,LIST_TAG,NEWS_URL,PUBLISH_DATE_TAG,REMOVE_KEYWORDS,SEARCH_URL,SOURCE_NAME,TITLE_TAG,URL) values (8,'url',null,null,null,null,null,null,null,'cnbctv18',null,'https://www.cnbctv18.com');
Insert into ROOT.UNLISTED_NEWS_SOURCE (SOURCE_ID,API_TYPE,BODY_TAG,DATE_FORMAT,LIST_TAG,NEWS_URL,PUBLISH_DATE_TAG,REMOVE_KEYWORDS,SEARCH_URL,SOURCE_NAME,TITLE_TAG,URL) values (9,'url',null,null,null,null,null,null,null,'cobrapost',null,'https://www.cobrapost.com');
Insert into ROOT.UNLISTED_NEWS_SOURCE (SOURCE_ID,API_TYPE,BODY_TAG,DATE_FORMAT,LIST_TAG,NEWS_URL,PUBLISH_DATE_TAG,REMOVE_KEYWORDS,SEARCH_URL,SOURCE_NAME,TITLE_TAG,URL) values (10,'url',null,null,null,null,null,null,null,'ndtv',null,'https://www.ndtv.com');
Insert into ROOT.UNLISTED_NEWS_SOURCE (SOURCE_ID,API_TYPE,BODY_TAG,DATE_FORMAT,LIST_TAG,NEWS_URL,PUBLISH_DATE_TAG,REMOVE_KEYWORDS,SEARCH_URL,SOURCE_NAME,TITLE_TAG,URL) values (11,'url',null,null,null,null,null,null,null,'economictimes.indiatimes',null,'https://economictimes.indiatimes.com');
REM INSERTING into ROOT.UNLISTED_NEWS_SOURCE_SCHEDULER_CONFIG
SET DEFINE OFF;
Insert into ROOT.UNLISTED_NEWS_SOURCE_SCHEDULER_CONFIG (SOURCE_ID,SOURCE_NAME,CRON_CONFIG,NO_OF_YRS,CONFIG_TYPE,CURRENT_DAY_HOUR,PREVIOUS_DAY_HOUR,NO_OF_PAGES,SEARCH_URL,SEARCH_LINK_TAGS,NEWS_LINK_TAGS,HTTPS_PROTOCOL,NEWS_PUBLISHED_DATE_TAG,NEWS_HEADLINE_TAG,NEWS_BODY_TAG,NEWS_DATE_FORMAT,CONVERSION_DATE_FORMAT,GOOGLE_ENHANCED,PAGE_INITIAL_NO,PAGE_OFFSET_NO,NEWS_DATE_TAG_ATTR) values (1,'indianexpress','0 35 21 * * *',2,'historical',0,-1200,1,'https://indianexpress.com/page/PAGE-NUMBER/?s=SEARCH-TERM','div[class=search-result] h3 a',null,'TLSv1.3','meta[itemprop=dateModified]','meta[itemprop=headline]','div[class=row] p','yyyy-MM-dd','MMM dd, yyyy',0,1,1,'content');
Insert into ROOT.UNLISTED_NEWS_SOURCE_SCHEDULER_CONFIG (SOURCE_ID,SOURCE_NAME,CRON_CONFIG,NO_OF_YRS,CONFIG_TYPE,CURRENT_DAY_HOUR,PREVIOUS_DAY_HOUR,NO_OF_PAGES,SEARCH_URL,SEARCH_LINK_TAGS,NEWS_LINK_TAGS,HTTPS_PROTOCOL,NEWS_PUBLISHED_DATE_TAG,NEWS_HEADLINE_TAG,NEWS_BODY_TAG,NEWS_DATE_FORMAT,CONVERSION_DATE_FORMAT,GOOGLE_ENHANCED,PAGE_INITIAL_NO,PAGE_OFFSET_NO,NEWS_DATE_TAG_ATTR) values (2,'businessstandard','30 38 11 * * *',3,'historical',0,-1200,1,'https://www.business-standard.com/advance-search?advance=Y&type=news&c-q=q&q=SEARCH-TERM&itemsPerPage=19&page=PAGE-NUMBER','div[class=listing-main topB mT10] ul li h2 a',null,'TLSv1.3','meta[itemprop=datePublished]','h1[class=headline]','div[class=story-content] span[class=p-content] p','yyyy-MM-dd','MMM dd, yyyy',0,1,1,'content');
Insert into ROOT.UNLISTED_NEWS_SOURCE_SCHEDULER_CONFIG (SOURCE_ID,SOURCE_NAME,CRON_CONFIG,NO_OF_YRS,CONFIG_TYPE,CURRENT_DAY_HOUR,PREVIOUS_DAY_HOUR,NO_OF_PAGES,SEARCH_URL,SEARCH_LINK_TAGS,NEWS_LINK_TAGS,HTTPS_PROTOCOL,NEWS_PUBLISHED_DATE_TAG,NEWS_HEADLINE_TAG,NEWS_BODY_TAG,NEWS_DATE_FORMAT,CONVERSION_DATE_FORMAT,GOOGLE_ENHANCED,PAGE_INITIAL_NO,PAGE_OFFSET_NO,NEWS_DATE_TAG_ATTR) values (3,'indianexpress','* 30 * * * *',0,'daily',0,-1200,1,'https://indianexpress.com/page/PAGE-NUMBER/?s=SEARCH-TERM','a[class=content-item__title-link]',null,'TLSv1.3','meta[property=article:modified_time]','h1[class=content-primary__title]','div[class=content-primary__body]','yyyy-MM-dd','MMM dd, yyyy',0,1,1,'content');
Insert into ROOT.UNLISTED_NEWS_SOURCE_SCHEDULER_CONFIG (SOURCE_ID,SOURCE_NAME,CRON_CONFIG,NO_OF_YRS,CONFIG_TYPE,CURRENT_DAY_HOUR,PREVIOUS_DAY_HOUR,NO_OF_PAGES,SEARCH_URL,SEARCH_LINK_TAGS,NEWS_LINK_TAGS,HTTPS_PROTOCOL,NEWS_PUBLISHED_DATE_TAG,NEWS_HEADLINE_TAG,NEWS_BODY_TAG,NEWS_DATE_FORMAT,CONVERSION_DATE_FORMAT,GOOGLE_ENHANCED,PAGE_INITIAL_NO,PAGE_OFFSET_NO,NEWS_DATE_TAG_ATTR) values (4,'muddywatersresearch','* 30 * * * *',2,'historical',0,-1200,1,'https://www.muddywatersresearch.com/page/PAGE-NUMBER/?s=SEARCH-TERM','a[class=content-item__title-link]',null,'TLSv1.3','meta[property=article:modified_time]','h1[class=content-primary__title]','div[class=content-primary__body]','yyyy-MM-dd','MMM dd, yyyy',0,1,1,'content');
Insert into ROOT.UNLISTED_NEWS_SOURCE_SCHEDULER_CONFIG (SOURCE_ID,SOURCE_NAME,CRON_CONFIG,NO_OF_YRS,CONFIG_TYPE,CURRENT_DAY_HOUR,PREVIOUS_DAY_HOUR,NO_OF_PAGES,SEARCH_URL,SEARCH_LINK_TAGS,NEWS_LINK_TAGS,HTTPS_PROTOCOL,NEWS_PUBLISHED_DATE_TAG,NEWS_HEADLINE_TAG,NEWS_BODY_TAG,NEWS_DATE_FORMAT,CONVERSION_DATE_FORMAT,GOOGLE_ENHANCED,PAGE_INITIAL_NO,PAGE_OFFSET_NO,NEWS_DATE_TAG_ATTR) values (5,'bbc','* 30 * * * *',2,'historical',0,-1200,1,'https://www.bbc.co.uk/search?q=SEARCH-TERM&page=PAGE-NUMBER',null,null,'TLSv1.3',null,null,null,null,null,0,1,1,'content');
Insert into ROOT.UNLISTED_NEWS_SOURCE_SCHEDULER_CONFIG (SOURCE_ID,SOURCE_NAME,CRON_CONFIG,NO_OF_YRS,CONFIG_TYPE,CURRENT_DAY_HOUR,PREVIOUS_DAY_HOUR,NO_OF_PAGES,SEARCH_URL,SEARCH_LINK_TAGS,NEWS_LINK_TAGS,HTTPS_PROTOCOL,NEWS_PUBLISHED_DATE_TAG,NEWS_HEADLINE_TAG,NEWS_BODY_TAG,NEWS_DATE_FORMAT,CONVERSION_DATE_FORMAT,GOOGLE_ENHANCED,PAGE_INITIAL_NO,PAGE_OFFSET_NO,NEWS_DATE_TAG_ATTR) values (6,'financialtimes','* 30 * * * *',2,'historical',0,-1200,1,'https://www.ft.com/search?q=SEARCH-TERM&page=PAGE-NUMBER','h3[class=entry-title] a',null,'TLSv1.3','meta[property=og:updated_time]','div[class=main-left] header h1','div[class=entry-content]','yyyy-MM-dd','MMM dd, yyyy',0,1,1,'content');
Insert into ROOT.UNLISTED_NEWS_SOURCE_SCHEDULER_CONFIG (SOURCE_ID,SOURCE_NAME,CRON_CONFIG,NO_OF_YRS,CONFIG_TYPE,CURRENT_DAY_HOUR,PREVIOUS_DAY_HOUR,NO_OF_PAGES,SEARCH_URL,SEARCH_LINK_TAGS,NEWS_LINK_TAGS,HTTPS_PROTOCOL,NEWS_PUBLISHED_DATE_TAG,NEWS_HEADLINE_TAG,NEWS_BODY_TAG,NEWS_DATE_FORMAT,CONVERSION_DATE_FORMAT,GOOGLE_ENHANCED,PAGE_INITIAL_NO,PAGE_OFFSET_NO,NEWS_DATE_TAG_ATTR) values (7,'arabianbusiness','30 27 11 * * *',2,'historical',0,-1200,1,'https://www.arabianbusiness.com/page/PAGE-NUMBER?s=SEARCH-TERM','h2[class=entry-title] a',null,'TLSv1.3','meta[property=og:updated_time]','div[class=main-left] header h1','div[class=entry-content]','yyyy-MM-dd','MMM dd, yyyy',0,1,1,'content');
Insert into ROOT.UNLISTED_NEWS_SOURCE_SCHEDULER_CONFIG (SOURCE_ID,SOURCE_NAME,CRON_CONFIG,NO_OF_YRS,CONFIG_TYPE,CURRENT_DAY_HOUR,PREVIOUS_DAY_HOUR,NO_OF_PAGES,SEARCH_URL,SEARCH_LINK_TAGS,NEWS_LINK_TAGS,HTTPS_PROTOCOL,NEWS_PUBLISHED_DATE_TAG,NEWS_HEADLINE_TAG,NEWS_BODY_TAG,NEWS_DATE_FORMAT,CONVERSION_DATE_FORMAT,GOOGLE_ENHANCED,PAGE_INITIAL_NO,PAGE_OFFSET_NO,NEWS_DATE_TAG_ATTR) values (8,'gulfbusiness','50 25 20 * * *',2,'historical',0,-1200,1,'https://gulfbusiness.com/page/PAGE-NUMBER/?s=SEARCH-TERM','div[class=post-title] h4 a',null,'TLSv1.3','meta[property=article:published_time]','h1[itemprop=headline]','div[itemprop=articleBody]','yyyy-MM-dd','MMM dd, yyyy',0,1,1,'content');
Insert into ROOT.UNLISTED_NEWS_SOURCE_SCHEDULER_CONFIG (SOURCE_ID,SOURCE_NAME,CRON_CONFIG,NO_OF_YRS,CONFIG_TYPE,CURRENT_DAY_HOUR,PREVIOUS_DAY_HOUR,NO_OF_PAGES,SEARCH_URL,SEARCH_LINK_TAGS,NEWS_LINK_TAGS,HTTPS_PROTOCOL,NEWS_PUBLISHED_DATE_TAG,NEWS_HEADLINE_TAG,NEWS_BODY_TAG,NEWS_DATE_FORMAT,CONVERSION_DATE_FORMAT,GOOGLE_ENHANCED,PAGE_INITIAL_NO,PAGE_OFFSET_NO,NEWS_DATE_TAG_ATTR) values (9,'arabnews','30 27 20 * * *',2,'historical',0,-1200,1,'https://www.arabnews.com/search/site/SEARCH-TERM?page=PAGE-NUMBER','div[class=article-item-title] h4 a',null,'TLSv1.3','meta[property=article:published_time]','meta[itemprop=name]','meta[itemprop=description]','yyyy-MM-dd','MMM dd, yyyy',0,1,1,'content');
Insert into ROOT.UNLISTED_NEWS_SOURCE_SCHEDULER_CONFIG (SOURCE_ID,SOURCE_NAME,CRON_CONFIG,NO_OF_YRS,CONFIG_TYPE,CURRENT_DAY_HOUR,PREVIOUS_DAY_HOUR,NO_OF_PAGES,SEARCH_URL,SEARCH_LINK_TAGS,NEWS_LINK_TAGS,HTTPS_PROTOCOL,NEWS_PUBLISHED_DATE_TAG,NEWS_HEADLINE_TAG,NEWS_BODY_TAG,NEWS_DATE_FORMAT,CONVERSION_DATE_FORMAT,GOOGLE_ENHANCED,PAGE_INITIAL_NO,PAGE_OFFSET_NO,NEWS_DATE_TAG_ATTR) values (10,'siasat','0 32 13 * * *',2,'historical',0,-1200,1,'https://www.siasat.com/page/PAGE-NUMBER/?s=SEARCH-TERM','h2[class=post-title] a',null,'TLSv1.3','meta[property=article:published_time]','h1[class=post-title entry-title]','div[class=entry-content entry clearfix]','yyyy-MM-dd','MMM dd, yyyy',0,1,1,'content');
Insert into ROOT.UNLISTED_NEWS_SOURCE_SCHEDULER_CONFIG (SOURCE_ID,SOURCE_NAME,CRON_CONFIG,NO_OF_YRS,CONFIG_TYPE,CURRENT_DAY_HOUR,PREVIOUS_DAY_HOUR,NO_OF_PAGES,SEARCH_URL,SEARCH_LINK_TAGS,NEWS_LINK_TAGS,HTTPS_PROTOCOL,NEWS_PUBLISHED_DATE_TAG,NEWS_HEADLINE_TAG,NEWS_BODY_TAG,NEWS_DATE_FORMAT,CONVERSION_DATE_FORMAT,GOOGLE_ENHANCED,PAGE_INITIAL_NO,PAGE_OFFSET_NO,NEWS_DATE_TAG_ATTR) values (11,'financialexpress','0 17 12 * * *',2,'historical',0,-1200,1,'https://www.financialexpress.com/page/PAGE-NUMBER/?search_scope=1&s=SEARCH-TERM','div[class=content-list] h3 a',null,'TLSv1.3','meta[property=article:published_time]','h1[class=post-title]','div[class=post-summary] p','yyyy-MM-dd','MMM dd, yyyy',0,1,1,'content');
Insert into ROOT.UNLISTED_NEWS_SOURCE_SCHEDULER_CONFIG (SOURCE_ID,SOURCE_NAME,CRON_CONFIG,NO_OF_YRS,CONFIG_TYPE,CURRENT_DAY_HOUR,PREVIOUS_DAY_HOUR,NO_OF_PAGES,SEARCH_URL,SEARCH_LINK_TAGS,NEWS_LINK_TAGS,HTTPS_PROTOCOL,NEWS_PUBLISHED_DATE_TAG,NEWS_HEADLINE_TAG,NEWS_BODY_TAG,NEWS_DATE_FORMAT,CONVERSION_DATE_FORMAT,GOOGLE_ENHANCED,PAGE_INITIAL_NO,PAGE_OFFSET_NO,NEWS_DATE_TAG_ATTR) values (12,'thehindubusinessline','45 27 13 * * *',2,'historical',0,-1200,1,'https://www.thehindubusinessline.com/search/?order=DESC&page=PAGE-NUMBER&q=SEARCH-TERM&sort=publishdate','div[class=col-sm-9 col-sm-8] h3 a',null,'TLSv1.3','meta[name=publish-date]','meta[name=title]','div[id=ControlPara] p','yyyy-MM-dd','MMM dd, yyyy',0,1,1,'content');
Insert into ROOT.UNLISTED_NEWS_SOURCE_SCHEDULER_CONFIG (SOURCE_ID,SOURCE_NAME,CRON_CONFIG,NO_OF_YRS,CONFIG_TYPE,CURRENT_DAY_HOUR,PREVIOUS_DAY_HOUR,NO_OF_PAGES,SEARCH_URL,SEARCH_LINK_TAGS,NEWS_LINK_TAGS,HTTPS_PROTOCOL,NEWS_PUBLISHED_DATE_TAG,NEWS_HEADLINE_TAG,NEWS_BODY_TAG,NEWS_DATE_FORMAT,CONVERSION_DATE_FORMAT,GOOGLE_ENHANCED,PAGE_INITIAL_NO,PAGE_OFFSET_NO,NEWS_DATE_TAG_ATTR) values (13,'hemindrahazari','50 12 22 * * *',2,'historical',0,-1200,1,'https://hemindrahazari.com/page/PAGE-NUMBER/?s=SEARCH-TERM','div[class=td-ss-main-content] div[class=td_module_16 td_module_wrap td-animation-stack td-meta-info-hide] div[class=item-details] h3 a',null,'TLSv1.3','meta[property=article:published_time]','h1[class=entry-title]','div[class=td-post-content] p','yyyy-MM-dd','MMM dd, yyyy',0,1,1,'content');
Insert into ROOT.UNLISTED_NEWS_SOURCE_SCHEDULER_CONFIG (SOURCE_ID,SOURCE_NAME,CRON_CONFIG,NO_OF_YRS,CONFIG_TYPE,CURRENT_DAY_HOUR,PREVIOUS_DAY_HOUR,NO_OF_PAGES,SEARCH_URL,SEARCH_LINK_TAGS,NEWS_LINK_TAGS,HTTPS_PROTOCOL,NEWS_PUBLISHED_DATE_TAG,NEWS_HEADLINE_TAG,NEWS_BODY_TAG,NEWS_DATE_FORMAT,CONVERSION_DATE_FORMAT,GOOGLE_ENHANCED,PAGE_INITIAL_NO,PAGE_OFFSET_NO,NEWS_DATE_TAG_ATTR) values (14,'moneylife','30 31 11 * * *',2,'historical',0,-1200,10,'https://www.google.com/search?q=SEARCH-TERM&num=10&tbm=nws&start=PAGE-NUMBER','div div[class=ZINbbc xpd O9g5cc uUPGi] div[class=kCrYT] a',null,'TLSv1.3','div[class=artical-dated__text]','h1[class=entry-title]','div[class=td-post-content] p','yyyy-MM-dd','MMM dd, yyyy',1,0,10,'content');
Insert into ROOT.UNLISTED_NEWS_SOURCE_SCHEDULER_CONFIG (SOURCE_ID,SOURCE_NAME,CRON_CONFIG,NO_OF_YRS,CONFIG_TYPE,CURRENT_DAY_HOUR,PREVIOUS_DAY_HOUR,NO_OF_PAGES,SEARCH_URL,SEARCH_LINK_TAGS,NEWS_LINK_TAGS,HTTPS_PROTOCOL,NEWS_PUBLISHED_DATE_TAG,NEWS_HEADLINE_TAG,NEWS_BODY_TAG,NEWS_DATE_FORMAT,CONVERSION_DATE_FORMAT,GOOGLE_ENHANCED,PAGE_INITIAL_NO,PAGE_OFFSET_NO,NEWS_DATE_TAG_ATTR) values (15,'reuters','30 47 17 * * *',2,'historical',0,-1200,10,'https://www.google.com/search?q=SEARCH-TERM&num=10&start=PAGE-NUMBER&tbm=nws&as_sitesearch=reuters.com','div[class=ZINbbc xpd O9g5cc uUPGi] div[class=kCrYT]:nth-child(1) a',null,'TLSv1.2','meta[name=article:published_time]','div[class=ArticleHeader__heading___3ibi0Q] h1','div[class=ArticleBody__content___2gQno2 paywall-article] p','yyyy-MM-dd','MMM dd, yyyy',1,0,10,'content');
Insert into ROOT.UNLISTED_NEWS_SOURCE_SCHEDULER_CONFIG (SOURCE_ID,SOURCE_NAME,CRON_CONFIG,NO_OF_YRS,CONFIG_TYPE,CURRENT_DAY_HOUR,PREVIOUS_DAY_HOUR,NO_OF_PAGES,SEARCH_URL,SEARCH_LINK_TAGS,NEWS_LINK_TAGS,HTTPS_PROTOCOL,NEWS_PUBLISHED_DATE_TAG,NEWS_HEADLINE_TAG,NEWS_BODY_TAG,NEWS_DATE_FORMAT,CONVERSION_DATE_FORMAT,GOOGLE_ENHANCED,PAGE_INITIAL_NO,PAGE_OFFSET_NO,NEWS_DATE_TAG_ATTR) values (16,'zeebiz','30 47 17 * * *',2,'historical',0,-1200,10,'https://www.google.com/search?q=SEARCH-TERM&num=10&tbm=nws&start=PAGE-NUMBER','div[class=ZINbbc xpd O9g5cc uUPGi] div[class=kCrYT]:nth-child(1) a',null,'TLSv1.2','meta[property=article:published_time]','h1[class=article-heading article-heading-biz margin-bt10px]','div[class=article-para] div div div div[class=field-item even] p','yyyy-MM-dd','MMM dd, yyyy',1,0,10,'content');
Insert into ROOT.UNLISTED_NEWS_SOURCE_SCHEDULER_CONFIG (SOURCE_ID,SOURCE_NAME,CRON_CONFIG,NO_OF_YRS,CONFIG_TYPE,CURRENT_DAY_HOUR,PREVIOUS_DAY_HOUR,NO_OF_PAGES,SEARCH_URL,SEARCH_LINK_TAGS,NEWS_LINK_TAGS,HTTPS_PROTOCOL,NEWS_PUBLISHED_DATE_TAG,NEWS_HEADLINE_TAG,NEWS_BODY_TAG,NEWS_DATE_FORMAT,CONVERSION_DATE_FORMAT,GOOGLE_ENHANCED,PAGE_INITIAL_NO,PAGE_OFFSET_NO,NEWS_DATE_TAG_ATTR) values (17,'livemint','30 10 13 * * *',2,'historical',0,-1200,10,'https://www.google.com/search?q=SEARCH-TERM&num=10&tbm=nws&start=PAGE-NUMBER&as_sitesearch=livemint.com','div[class=ZINbbc xpd O9g5cc uUPGi] div[class=kCrYT]:nth-child(1) a',null,'TLSv1.2','meta[property=article:published_time]','h1[class=headline]','div[class=contentSec] p','yyyy-MM-dd','MMM dd, yyyy',1,0,10,'content');
Insert into ROOT.UNLISTED_NEWS_SOURCE_SCHEDULER_CONFIG (SOURCE_ID,SOURCE_NAME,CRON_CONFIG,NO_OF_YRS,CONFIG_TYPE,CURRENT_DAY_HOUR,PREVIOUS_DAY_HOUR,NO_OF_PAGES,SEARCH_URL,SEARCH_LINK_TAGS,NEWS_LINK_TAGS,HTTPS_PROTOCOL,NEWS_PUBLISHED_DATE_TAG,NEWS_HEADLINE_TAG,NEWS_BODY_TAG,NEWS_DATE_FORMAT,CONVERSION_DATE_FORMAT,GOOGLE_ENHANCED,PAGE_INITIAL_NO,PAGE_OFFSET_NO,NEWS_DATE_TAG_ATTR) values (18,'singapore business review','30 20 18 * * *',2,'historical',0,-1200,10,'https://www.google.com/search?q=SEARCH-TERM&num=10&start=PAGE-NUMBER&as_sitesearch=sbr.com.sg','div[class=ZINbbc xpd O9g5cc uUPGi] div[class=kCrYT]:nth-child(1) a',null,'TLSv1.2','div[class=nf-value position-relative] em','h1[class=nf__title page-header text-black size-37 striptags]','meta[name=description]','[EEE MMM d hh:mm:ss Z yyyy]','MMM dd, yyyy',1,0,10,'content');
Insert into ROOT.UNLISTED_NEWS_SOURCE_SCHEDULER_CONFIG (SOURCE_ID,SOURCE_NAME,CRON_CONFIG,NO_OF_YRS,CONFIG_TYPE,CURRENT_DAY_HOUR,PREVIOUS_DAY_HOUR,NO_OF_PAGES,SEARCH_URL,SEARCH_LINK_TAGS,NEWS_LINK_TAGS,HTTPS_PROTOCOL,NEWS_PUBLISHED_DATE_TAG,NEWS_HEADLINE_TAG,NEWS_BODY_TAG,NEWS_DATE_FORMAT,CONVERSION_DATE_FORMAT,GOOGLE_ENHANCED,PAGE_INITIAL_NO,PAGE_OFFSET_NO,NEWS_DATE_TAG_ATTR) values (19,'gulfnews','0 47 08 * * *',2,'historical',0,-1200,10,'https://www.google.com/search?q=SEARCH-TERM&num=10&tbm=nws&start=PAGE-NUMBER&as_sitesearch=gulfnews.com','div[class=ZINbbc xpd O9g5cc uUPGi] div[class=kCrYT]:nth-child(1) a',null,'TLSv1.2','time[itemprop=datePublished] span[class=time]','h1[itemprop=headline]','div[itemprop=articleBody] p','MMM dd, yyyy hh:mm','MMM dd, yyyy',1,0,10,'content');
Insert into ROOT.UNLISTED_NEWS_SOURCE_SCHEDULER_CONFIG (SOURCE_ID,SOURCE_NAME,CRON_CONFIG,NO_OF_YRS,CONFIG_TYPE,CURRENT_DAY_HOUR,PREVIOUS_DAY_HOUR,NO_OF_PAGES,SEARCH_URL,SEARCH_LINK_TAGS,NEWS_LINK_TAGS,HTTPS_PROTOCOL,NEWS_PUBLISHED_DATE_TAG,NEWS_HEADLINE_TAG,NEWS_BODY_TAG,NEWS_DATE_FORMAT,CONVERSION_DATE_FORMAT,GOOGLE_ENHANCED,PAGE_INITIAL_NO,PAGE_OFFSET_NO,NEWS_DATE_TAG_ATTR) values (20,'thewire','0 07 09 * * *',2,'historical',0,-1200,10,'https://www.google.com/search?q=SEARCH-TERM&num=10&start=PAGE-NUMBER&tbm=nws&as_sitesearch=thewire.in','div[class=ZINbbc xpd O9g5cc uUPGi] div[class=kCrYT]:nth-child(1) a',null,'TLSv1.2','div[class=top-space post__content-meta valign-wrapper] span[class=posted-on]','h1[class=title]','div[class=grey-text]','dd/MMM/yyyy','MMM dd, yyyy',1,0,10,'content');
Insert into ROOT.UNLISTED_NEWS_SOURCE_SCHEDULER_CONFIG (SOURCE_ID,SOURCE_NAME,CRON_CONFIG,NO_OF_YRS,CONFIG_TYPE,CURRENT_DAY_HOUR,PREVIOUS_DAY_HOUR,NO_OF_PAGES,SEARCH_URL,SEARCH_LINK_TAGS,NEWS_LINK_TAGS,HTTPS_PROTOCOL,NEWS_PUBLISHED_DATE_TAG,NEWS_HEADLINE_TAG,NEWS_BODY_TAG,NEWS_DATE_FORMAT,CONVERSION_DATE_FORMAT,GOOGLE_ENHANCED,PAGE_INITIAL_NO,PAGE_OFFSET_NO,NEWS_DATE_TAG_ATTR) values (21,'middleeast-business','30 54 09 * * *',2,'historical',0,-1200,10,'https://www.google.com/search?q=SEARCH-TERM&num=10&start=PAGE-NUMBER&as_sitesearch=middleeast-business.com','div[class=ZINbbc xpd O9g5cc uUPGi] div[class=kCrYT]:nth-child(1) a',null,'TLSv1.2','meta[property=article:published_time]','h1[class=post-title left]','div[id=content-main] p','yyyy-MM-dd','MMM dd, yyyy',1,0,10,'content');
Insert into ROOT.UNLISTED_NEWS_SOURCE_SCHEDULER_CONFIG (SOURCE_ID,SOURCE_NAME,CRON_CONFIG,NO_OF_YRS,CONFIG_TYPE,CURRENT_DAY_HOUR,PREVIOUS_DAY_HOUR,NO_OF_PAGES,SEARCH_URL,SEARCH_LINK_TAGS,NEWS_LINK_TAGS,HTTPS_PROTOCOL,NEWS_PUBLISHED_DATE_TAG,NEWS_HEADLINE_TAG,NEWS_BODY_TAG,NEWS_DATE_FORMAT,CONVERSION_DATE_FORMAT,GOOGLE_ENHANCED,PAGE_INITIAL_NO,PAGE_OFFSET_NO,NEWS_DATE_TAG_ATTR) values (22,'bloombergquint','30 24 15 * * *',2,'historical',0,-1200,10,'https://www.google.com/search?q=SEARCH-TERM&num=10&start=PAGE-NUMBER&tbm=nws&as_sitesearch=bloombergquint.com','div[class=ZINbbc xpd O9g5cc uUPGi] div[class=kCrYT]:nth-child(1) a',null,'TLSv1.2','time[class=desktop-hidden published-info-module__published-on___M8Y9]','h1[class=story-base-template-m__story-headline__2cNwS]','div[class=cXenseParse] p','hh:mm a Z, dd MMM yyyy','MMM dd, yyyy',1,0,10,'content');
Insert into ROOT.UNLISTED_NEWS_SOURCE_SCHEDULER_CONFIG (SOURCE_ID,SOURCE_NAME,CRON_CONFIG,NO_OF_YRS,CONFIG_TYPE,CURRENT_DAY_HOUR,PREVIOUS_DAY_HOUR,NO_OF_PAGES,SEARCH_URL,SEARCH_LINK_TAGS,NEWS_LINK_TAGS,HTTPS_PROTOCOL,NEWS_PUBLISHED_DATE_TAG,NEWS_HEADLINE_TAG,NEWS_BODY_TAG,NEWS_DATE_FORMAT,CONVERSION_DATE_FORMAT,GOOGLE_ENHANCED,PAGE_INITIAL_NO,PAGE_OFFSET_NO,NEWS_DATE_TAG_ATTR) values (23,'cnbctv18','30 24 21 * * *',2,'historical',0,-1200,10,'https://www.google.com/search?q=SEARCH-TERM&num=10&start=PAGE-NUMBER&tbm=nws&as_sitesearch=cnbctv18.com','div[class=ZINbbc xpd O9g5cc uUPGi] div[class=kCrYT]:nth-child(1) a',null,'TLSv1.2','meta[property=article:published_time]','meta[property=title]','div[id=content]','yyyy-MM-dd','MMM dd, yyyy',1,0,10,'content');
Insert into ROOT.UNLISTED_NEWS_SOURCE_SCHEDULER_CONFIG (SOURCE_ID,SOURCE_NAME,CRON_CONFIG,NO_OF_YRS,CONFIG_TYPE,CURRENT_DAY_HOUR,PREVIOUS_DAY_HOUR,NO_OF_PAGES,SEARCH_URL,SEARCH_LINK_TAGS,NEWS_LINK_TAGS,HTTPS_PROTOCOL,NEWS_PUBLISHED_DATE_TAG,NEWS_HEADLINE_TAG,NEWS_BODY_TAG,NEWS_DATE_FORMAT,CONVERSION_DATE_FORMAT,GOOGLE_ENHANCED,PAGE_INITIAL_NO,PAGE_OFFSET_NO,NEWS_DATE_TAG_ATTR) values (24,'cobrapost','30 14 22 * * *',2,'historical',0,-1200,10,'https://www.google.com/search?q=SEARCH-TERM&num=10&start=PAGE-NUMBER&as_sitesearch=cobrapost.com','div[class=ZINbbc xpd O9g5cc uUPGi] div[class=kCrYT]:nth-child(1) a',null,'TLSv1.2','div[class=meta-tp-5] div[class=date-tp-2]','h2[class=title-21]','div[class=pst-block-main]','MMMM dd, yyyy','MMM dd, yyyy',1,0,10,'content');
Insert into ROOT.UNLISTED_NEWS_SOURCE_SCHEDULER_CONFIG (SOURCE_ID,SOURCE_NAME,CRON_CONFIG,NO_OF_YRS,CONFIG_TYPE,CURRENT_DAY_HOUR,PREVIOUS_DAY_HOUR,NO_OF_PAGES,SEARCH_URL,SEARCH_LINK_TAGS,NEWS_LINK_TAGS,HTTPS_PROTOCOL,NEWS_PUBLISHED_DATE_TAG,NEWS_HEADLINE_TAG,NEWS_BODY_TAG,NEWS_DATE_FORMAT,CONVERSION_DATE_FORMAT,GOOGLE_ENHANCED,PAGE_INITIAL_NO,PAGE_OFFSET_NO,NEWS_DATE_TAG_ATTR) values (25,'ndtv','50 08 23 * * *',2,'historical',0,-1200,10,'https://www.google.com/search?q=SEARCH-TERM&num=10&start=PAGE-NUMBER&tbm=nws&as_sitesearch=ndtv.com','div[class=ZINbbc xpd O9g5cc uUPGi] div[class=kCrYT]:nth-child(1) a',null,'TLSv1.2','meta[itemprop=datePublished]','h1[itemprop=headline]','div[itemprop=articleBody] p','yyyy-MM-dd','MMM dd, yyyy',1,0,10,'content');
Insert into ROOT.UNLISTED_NEWS_SOURCE_SCHEDULER_CONFIG (SOURCE_ID,SOURCE_NAME,CRON_CONFIG,NO_OF_YRS,CONFIG_TYPE,CURRENT_DAY_HOUR,PREVIOUS_DAY_HOUR,NO_OF_PAGES,SEARCH_URL,SEARCH_LINK_TAGS,NEWS_LINK_TAGS,HTTPS_PROTOCOL,NEWS_PUBLISHED_DATE_TAG,NEWS_HEADLINE_TAG,NEWS_BODY_TAG,NEWS_DATE_FORMAT,CONVERSION_DATE_FORMAT,GOOGLE_ENHANCED,PAGE_INITIAL_NO,PAGE_OFFSET_NO,NEWS_DATE_TAG_ATTR) values (26,'economictimes.indiatimes','30 17 23 * * *',2,'historical',0,-1200,10,'https://www.google.com/search?q=SEARCH-TERM&num=10&start=PAGE-NUMBER&tbm=nws&as_sitesearch=economictimes.indiatimes.com','div[class=ZINbbc xpd O9g5cc uUPGi] div[class=kCrYT]:nth-child(1) a',null,'TLSv1.2','div[class=article_wrap] div','div[class=article_block clearfix gaDone] div[class=topPart clearfix tac fixedOnLoad] h1','article[class=artData clr paywall]','yyyy-MM-dd','MMM dd, yyyy',1,0,10,'data-et');
Insert into ROOT.UNLISTED_NEWS_SOURCE_SCHEDULER_CONFIG (SOURCE_ID,SOURCE_NAME,CRON_CONFIG,NO_OF_YRS,CONFIG_TYPE,CURRENT_DAY_HOUR,PREVIOUS_DAY_HOUR,NO_OF_PAGES,SEARCH_URL,SEARCH_LINK_TAGS,NEWS_LINK_TAGS,HTTPS_PROTOCOL,NEWS_PUBLISHED_DATE_TAG,NEWS_HEADLINE_TAG,NEWS_BODY_TAG,NEWS_DATE_FORMAT,CONVERSION_DATE_FORMAT,GOOGLE_ENHANCED,PAGE_INITIAL_NO,PAGE_OFFSET_NO,NEWS_DATE_TAG_ATTR) values (27,'businesstoday','0 45 13 * * *',2,'historical',0,1200,10,'https://www.google.com/search?q=SEARCH-TERM&num=10&start=PAGE-NUMBER&tbm=nws&as_sitesearch=businesstoday.in','div[class=ZINbbc xpd O9g5cc uUPGi] div[class=kCrYT]:nth-child(1) a',null,'TLSv1.2','div[class=brand-detial-main] ul li:nth-child(1)','div[class=story-heading] h1','div[class=story-with-main-sec] div p','MMM dd, yyyy,','MMM dd, yyyy',1,0,10,'content');
--------------------------------------------------------
--  DDL for Index PRIMARY_1
--------------------------------------------------------

  CREATE UNIQUE INDEX "ROOT"."PRIMARY_1" ON "ROOT"."UNLISTED_COMPANIES_SUBSCRIPTION" ("SUBSCRIPTION_ID") 
  PCTFREE 10 INITRANS 2 MAXTRANS 255 COMPUTE STATISTICS 
  TABLESPACE "USERS" ;
--------------------------------------------------------
--  DDL for Index PRIMARY
--------------------------------------------------------

  CREATE UNIQUE INDEX "ROOT"."PRIMARY" ON "ROOT"."UNLISTED_NEWS_COMPANIES" ("COMPANY_ID") 
  PCTFREE 10 INITRANS 2 MAXTRANS 255 COMPUTE STATISTICS 
  STORAGE(INITIAL 65536 NEXT 1048576 MINEXTENTS 1 MAXEXTENTS 2147483645
  PCTINCREASE 0 FREELISTS 1 FREELIST GROUPS 1
  BUFFER_POOL DEFAULT FLASH_CACHE DEFAULT CELL_FLASH_CACHE DEFAULT)
  TABLESPACE "USERS" ;
--------------------------------------------------------
--  DDL for Index PRIMARY_12
--------------------------------------------------------

  CREATE UNIQUE INDEX "ROOT"."PRIMARY_12" ON "ROOT"."UNLISTED_NEWS_EXCEPTIONS" ("EXCEPTION_ID") 
  PCTFREE 10 INITRANS 2 MAXTRANS 255 COMPUTE STATISTICS 
  STORAGE(INITIAL 65536 NEXT 1048576 MINEXTENTS 1 MAXEXTENTS 2147483645
  PCTINCREASE 0 FREELISTS 1 FREELIST GROUPS 1
  BUFFER_POOL DEFAULT FLASH_CACHE DEFAULT CELL_FLASH_CACHE DEFAULT)
  TABLESPACE "USERS" ;
--------------------------------------------------------
--  DDL for Index PRIMARY_11
--------------------------------------------------------

  CREATE UNIQUE INDEX "ROOT"."PRIMARY_11" ON "ROOT"."UNLISTED_NEWS_SOURCE" ("SOURCE_ID") 
  PCTFREE 10 INITRANS 2 MAXTRANS 255 COMPUTE STATISTICS 
  STORAGE(INITIAL 65536 NEXT 1048576 MINEXTENTS 1 MAXEXTENTS 2147483645
  PCTINCREASE 0 FREELISTS 1 FREELIST GROUPS 1
  BUFFER_POOL DEFAULT FLASH_CACHE DEFAULT CELL_FLASH_CACHE DEFAULT)
  TABLESPACE "USERS" ;
--------------------------------------------------------
--  DDL for Index PRIMARY_6
--------------------------------------------------------

  CREATE UNIQUE INDEX "ROOT"."PRIMARY_6" ON "ROOT"."UNLISTED_NEWS_SOURCE_SCHEDULER_CONFIG" ("SOURCE_ID") 
  PCTFREE 10 INITRANS 2 MAXTRANS 255 COMPUTE STATISTICS 
  STORAGE(INITIAL 65536 NEXT 1048576 MINEXTENTS 1 MAXEXTENTS 2147483645
  PCTINCREASE 0 FREELISTS 1 FREELIST GROUPS 1
  BUFFER_POOL DEFAULT FLASH_CACHE DEFAULT CELL_FLASH_CACHE DEFAULT)
  TABLESPACE "USERS" ;
--------------------------------------------------------
--  Constraints for Table UNLISTED_COMPANIES_SUBSCRIPTION
--------------------------------------------------------

  ALTER TABLE "ROOT"."UNLISTED_COMPANIES_SUBSCRIPTION" MODIFY ("SUBSCRIPTION_ID" NOT NULL ENABLE);
  ALTER TABLE "ROOT"."UNLISTED_COMPANIES_SUBSCRIPTION" ADD CONSTRAINT "PRIMARY_1" PRIMARY KEY ("SUBSCRIPTION_ID")
  USING INDEX PCTFREE 10 INITRANS 2 MAXTRANS 255 COMPUTE STATISTICS 
  TABLESPACE "USERS"  ENABLE;
--------------------------------------------------------
--  Constraints for Table UNLISTED_NEWS_COMPANIES
--------------------------------------------------------

  ALTER TABLE "ROOT"."UNLISTED_NEWS_COMPANIES" MODIFY ("COMPANY_ID" NOT NULL ENABLE);
  ALTER TABLE "ROOT"."UNLISTED_NEWS_COMPANIES" MODIFY ("COMPANY_NAME" NOT NULL ENABLE);
  ALTER TABLE "ROOT"."UNLISTED_NEWS_COMPANIES" MODIFY ("GROUP_NAME" NOT NULL ENABLE);
  ALTER TABLE "ROOT"."UNLISTED_NEWS_COMPANIES" MODIFY ("SYNONYMS" NOT NULL ENABLE);
  ALTER TABLE "ROOT"."UNLISTED_NEWS_COMPANIES" ADD CONSTRAINT "PRIMARY" PRIMARY KEY ("COMPANY_ID")
  USING INDEX PCTFREE 10 INITRANS 2 MAXTRANS 255 COMPUTE STATISTICS 
  STORAGE(INITIAL 65536 NEXT 1048576 MINEXTENTS 1 MAXEXTENTS 2147483645
  PCTINCREASE 0 FREELISTS 1 FREELIST GROUPS 1
  BUFFER_POOL DEFAULT FLASH_CACHE DEFAULT CELL_FLASH_CACHE DEFAULT)
  TABLESPACE "USERS"  ENABLE;
--------------------------------------------------------
--  Constraints for Table UNLISTED_NEWS_EXCEPTIONS
--------------------------------------------------------

  ALTER TABLE "ROOT"."UNLISTED_NEWS_EXCEPTIONS" MODIFY ("EXCEPTION_ID" NOT NULL ENABLE);
  ALTER TABLE "ROOT"."UNLISTED_NEWS_EXCEPTIONS" ADD CONSTRAINT "PRIMARY_12" PRIMARY KEY ("EXCEPTION_ID")
  USING INDEX PCTFREE 10 INITRANS 2 MAXTRANS 255 COMPUTE STATISTICS 
  STORAGE(INITIAL 65536 NEXT 1048576 MINEXTENTS 1 MAXEXTENTS 2147483645
  PCTINCREASE 0 FREELISTS 1 FREELIST GROUPS 1
  BUFFER_POOL DEFAULT FLASH_CACHE DEFAULT CELL_FLASH_CACHE DEFAULT)
  TABLESPACE "USERS"  ENABLE;
--------------------------------------------------------
--  Constraints for Table UNLISTED_NEWS_SOURCE
--------------------------------------------------------

  ALTER TABLE "ROOT"."UNLISTED_NEWS_SOURCE" MODIFY ("SOURCE_ID" NOT NULL ENABLE);
  ALTER TABLE "ROOT"."UNLISTED_NEWS_SOURCE" ADD CONSTRAINT "PRIMARY_11" PRIMARY KEY ("SOURCE_ID")
  USING INDEX PCTFREE 10 INITRANS 2 MAXTRANS 255 COMPUTE STATISTICS 
  STORAGE(INITIAL 65536 NEXT 1048576 MINEXTENTS 1 MAXEXTENTS 2147483645
  PCTINCREASE 0 FREELISTS 1 FREELIST GROUPS 1
  BUFFER_POOL DEFAULT FLASH_CACHE DEFAULT CELL_FLASH_CACHE DEFAULT)
  TABLESPACE "USERS"  ENABLE;
--------------------------------------------------------
--  Constraints for Table UNLISTED_NEWS_SOURCE_SCHEDULER_CONFIG
--------------------------------------------------------

  ALTER TABLE "ROOT"."UNLISTED_NEWS_SOURCE_SCHEDULER_CONFIG" MODIFY ("SOURCE_ID" NOT NULL ENABLE);
  ALTER TABLE "ROOT"."UNLISTED_NEWS_SOURCE_SCHEDULER_CONFIG" ADD CONSTRAINT "PRIMARY_6" PRIMARY KEY ("SOURCE_ID")
  USING INDEX PCTFREE 10 INITRANS 2 MAXTRANS 255 COMPUTE STATISTICS 
  STORAGE(INITIAL 65536 NEXT 1048576 MINEXTENTS 1 MAXEXTENTS 2147483645
  PCTINCREASE 0 FREELISTS 1 FREELIST GROUPS 1
  BUFFER_POOL DEFAULT FLASH_CACHE DEFAULT CELL_FLASH_CACHE DEFAULT)
  TABLESPACE "USERS"  ENABLE;
